"idpessoa","descNome","numcpf"
3275320,Zeca Loteiro 3275320,66300601006
48334,Zeca Loteiro 48334,
1517926,Zeca Loteiro 1517926,3523336001
518276,Zeca Loteiro 518276,16112236052
2137156,Zeca Loteiro 2137156,3522321003
2084390,Zeca Loteiro 2084390,
2069463,Zeca Loteiro 2069463,
183715,Zeca Loteiro 183715,
257170,Zeca Loteiro 257170,
22874,Zeca Loteiro 22874,10566165016
237946,Zeca Loteiro 237946,6631113060
3546369,Zeca Loteiro 3546369,3630331033
3242631,Zeca Loteiro 3242631,10623166052
3415598,Zeca Loteiro 3415598,556022001
2465755,Zeca Loteiro 2465755,6636523015
629791,Zeca Loteiro 629791,
3282128,Zeca Loteiro 3282128,31303533001
2417991,Zeca Loteiro 2417991,10330602061
1316953,Zeca Loteiro 1316953,
1212955,Zeca Loteiro 1212955,365650033
4215,Zeca Loteiro 4215,
48248,Zeca Loteiro 48248,
146467,Zeca Loteiro 146467,
138334,Zeca Loteiro 138334,
410502,Zeca Loteiro 410502,
1312003,Zeca Loteiro 1312003,
1641893,Zeca Loteiro 1641893,
1225429,Zeca Loteiro 1225429,
3585217,Zeca Loteiro 3585217,1600266015
4507007,Zeca Loteiro 4507007,323003031
1228739,Zeca Loteiro 1228739,
1297725,Zeca Loteiro 1297725,
3430407,Zeca Loteiro 3430407,1105065006
408276,Zeca Loteiro 408276,6062126000
1773115,Zeca Loteiro 1773115,
224452,Zeca Loteiro 224452,1120060060
108390,Zeca Loteiro 108390,63133620036
1473281,Zeca Loteiro 1473281,2316160032
11513,Zeca Loteiro 11513,
2043579,Zeca Loteiro 2043579,
2395446,Zeca Loteiro 2395446,63321312061
1170687,Zeca Loteiro 1170687,
2463431,Zeca Loteiro 2463431,6133050011
2298033,Zeca Loteiro 2298033,5515003026
472031,Zeca Loteiro 472031,30103660006
4086610,Zeca Loteiro 4086610,30306126000
8815,Zeca Loteiro 8815,
1830981,Zeca Loteiro 1830981,
2360147,Zeca Loteiro 2360147,12003112033
142713,Zeca Loteiro 142713,
1689666,Zeca Loteiro 1689666,26651263060
1767564,Zeca Loteiro 1767564,33315015
38838,Zeca Loteiro 38838,3316262021
1010223,Zeca Loteiro 1010223,1336506052
3809754,Zeca Loteiro 3809754,1362033060
1163624,Zeca Loteiro 1163624,20102015033
2344457,Zeca Loteiro 2344457,53336550015
1190809,Zeca Loteiro 1190809,31663316061
152,Zeca Loteiro 152,
258558,Zeca Loteiro 258558,
10646,Zeca Loteiro 10646,11612135033
3300494,Zeca Loteiro 3300494,6100065020
160204,Zeca Loteiro 160204,
3809121,Zeca Loteiro 3809121,61055305060
655303,Zeca Loteiro 655303,
1206358,Zeca Loteiro 1206358,20103036061
143595,Zeca Loteiro 143595,
1315284,Zeca Loteiro 1315284,63312213015
4049894,Zeca Loteiro 4049894,20036351001
183761,Zeca Loteiro 183761,23116131315
1034375,Zeca Loteiro 1034375,3161260503
2430130,Zeca Loteiro 2430130,1305315055
628003,Zeca Loteiro 628003,
712710,Zeca Loteiro 712710,6100530000
1620779,Zeca Loteiro 1620779,6302033020
42,Zeca Loteiro 42,3152653003
484743,Zeca Loteiro 484743,3153513021
1644660,Zeca Loteiro 1644660,
2985816,Zeca Loteiro 2985816,12106662001
1461386,Zeca Loteiro 1461386,161336000
3001952,Zeca Loteiro 3001952,3326362011
136864,Zeca Loteiro 136864,1660061052
27979,Zeca Loteiro 27979,
908029,Zeca Loteiro 908029,
775320,Zeca Loteiro 775320,
157510,Zeca Loteiro 157510,
103211,Zeca Loteiro 103211,35661336033
1332519,Zeca Loteiro 1332519,
574263,Zeca Loteiro 574263,21031115000
1334001,Zeca Loteiro 1334001,20316263001
2411424,Zeca Loteiro 2411424,35100116016
203685,Zeca Loteiro 203685,50536133016
1226196,Zeca Loteiro 1226196,22311516016
5105,Zeca Loteiro 5105,
2560,Zeca Loteiro 2560,
667966,Zeca Loteiro 667966,
781023,Zeca Loteiro 781023,23252335021
1219545,Zeca Loteiro 1219545,103220303
3200,Zeca Loteiro 3200,1315000001
1484366,Zeca Loteiro 1484366,2002110001
3198016,Zeca Loteiro 3198016,6660101001
72406,Zeca Loteiro 72406,21166663061
3375,Zeca Loteiro 3375,6616626006
1631188,Zeca Loteiro 1631188,
226460,Zeca Loteiro 226460,11032331033
2836,Zeca Loteiro 2836,10305020365
3551385,Zeca Loteiro 3551385,255360006
341553,Zeca Loteiro 341553,11151320021
2038697,Zeca Loteiro 2038697,13015613052
106947,Zeca Loteiro 106947,
2869089,Zeca Loteiro 2869089,2056011030
834598,Zeca Loteiro 834598,61056323006
4457130,Zeca Loteiro 4457130,1231332031
1310798,Zeca Loteiro 1310798,33666166015
1836912,Zeca Loteiro 1836912,
106444,Zeca Loteiro 106444,
770228,Zeca Loteiro 770228,
3799813,Zeca Loteiro 3799813,5313100003
127659,Zeca Loteiro 127659,
2136703,Zeca Loteiro 2136703,
1213929,Zeca Loteiro 1213929,55312030300
3807829,Zeca Loteiro 3807829,15120026052
278658,Zeca Loteiro 278658,
3578,Zeca Loteiro 3578,6653210016
371,Zeca Loteiro 371,
3086612,Zeca Loteiro 3086612,52165316033
1821984,Zeca Loteiro 1821984,
795295,Zeca Loteiro 795295,2210613101
1488578,Zeca Loteiro 1488578,51163315033
1308545,Zeca Loteiro 1308545,
1336327,Zeca Loteiro 1336327,61061050015
2093144,Zeca Loteiro 2093144,
2960582,Zeca Loteiro 2960582,20320330052
2104786,Zeca Loteiro 2104786,
25759,Zeca Loteiro 25759,
1239324,Zeca Loteiro 1239324,11566030016
1167754,Zeca Loteiro 1167754,11012620032
1691959,Zeca Loteiro 1691959,323551021
48721,Zeca Loteiro 48721,
1756025,Zeca Loteiro 1756025,303031605
2087275,Zeca Loteiro 2087275,
312573,Zeca Loteiro 312573,1263616066
2996540,Zeca Loteiro 2996540,1102113060
1822392,Zeca Loteiro 1822392,
552004,Zeca Loteiro 552004,
438972,Zeca Loteiro 438972,12133326060
48721,Zeca Loteiro 48721,
1452927,Zeca Loteiro 1452927,3233636066
232994,Zeca Loteiro 232994,
2915767,Zeca Loteiro 2915767,2351306021
1510120,Zeca Loteiro 1510120,5026615001
328729,Zeca Loteiro 328729,
1233723,Zeca Loteiro 1233723,15301606000
3224260,Zeca Loteiro 3224260,32611223030
34063,Zeca Loteiro 34063,160566000
159417,Zeca Loteiro 159417,612033033
507439,Zeca Loteiro 507439,15501350010
3239656,Zeca Loteiro 3239656,210332061
803388,Zeca Loteiro 803388,62636033033
235030,Zeca Loteiro 235030,
717812,Zeca Loteiro 717812,
3232714,Zeca Loteiro 3232714,6200106321
578887,Zeca Loteiro 578887,
145567,Zeca Loteiro 145567,
3493267,Zeca Loteiro 3493267,6060206000
2564026,Zeca Loteiro 2564026,61536230006
1011,Zeca Loteiro 1011,6312352006
3332401,Zeca Loteiro 3332401,21602650021
844899,Zeca Loteiro 844899,61366301030
1619394,Zeca Loteiro 1619394,
328278,Zeca Loteiro 328278,266160016
3479431,Zeca Loteiro 3479431,61511665121
669078,Zeca Loteiro 669078,22530330330
19684,Zeca Loteiro 19684,611300056
714668,Zeca Loteiro 714668,
1141106,Zeca Loteiro 1141106,211136033
1239480,Zeca Loteiro 1239480,1661200021
73305,Zeca Loteiro 73305,11235016
48721,Zeca Loteiro 48721,
818987,Zeca Loteiro 818987,
3268912,Zeca Loteiro 3268912,21530603016
410703,Zeca Loteiro 410703,1131615015
25260,Zeca Loteiro 25260,
317124,Zeca Loteiro 317124,1650003033
5027,Zeca Loteiro 5027,
3100364,Zeca Loteiro 3100364,33060600000
223214,Zeca Loteiro 223214,
748872,Zeca Loteiro 748872,
3192824,Zeca Loteiro 3192824,6500366001
105128,Zeca Loteiro 105128,533001001
3799729,Zeca Loteiro 3799729,1321001060
1244842,Zeca Loteiro 1244842,33630626021
1636310,Zeca Loteiro 1636310,11516050210
1195180,Zeca Loteiro 1195180,1202136026
2374810,Zeca Loteiro 2374810,333056061
2341411,Zeca Loteiro 2341411,6031311300
2132391,Zeca Loteiro 2132391,5611206001
1149541,Zeca Loteiro 1149541,10002061016
3790430,Zeca Loteiro 3790430,100360633
518789,Zeca Loteiro 518789,
1220212,Zeca Loteiro 1220212,6200103025
1065152,Zeca Loteiro 1065152,6060266005
577794,Zeca Loteiro 577794,
2302323,Zeca Loteiro 2302323,11303622061
1773927,Zeca Loteiro 1773927,321635021
3533053,Zeca Loteiro 3533053,1321631016
109980,Zeca Loteiro 109980,
284098,Zeca Loteiro 284098,21332331052
3567927,Zeca Loteiro 3567927,5551220060
2329163,Zeca Loteiro 2329163,5060203001
2829065,Zeca Loteiro 2829065,31005512000
1370762,Zeca Loteiro 1370762,30602026000
1779909,Zeca Loteiro 1779909,36231216021
2062970,Zeca Loteiro 2062970,
240952,Zeca Loteiro 240952,
194324,Zeca Loteiro 194324,
79947,Zeca Loteiro 79947,23111036015
2097259,Zeca Loteiro 2097259,
2772346,Zeca Loteiro 2772346,3223661061
1464831,Zeca Loteiro 1464831,
435265,Zeca Loteiro 435265,
5335,Zeca Loteiro 5335,15326615000
1341950,Zeca Loteiro 1341950,3606615050
3416308,Zeca Loteiro 3416308,10336531015
2087106,Zeca Loteiro 2087106,30060020000
1158716,Zeca Loteiro 1158716,
1157141,Zeca Loteiro 1157141,13613130015
1176507,Zeca Loteiro 1176507,10630311021
1162378,Zeca Loteiro 1162378,602351003
22544,Zeca Loteiro 22544,
43153,Zeca Loteiro 43153,12531100003
74704,Zeca Loteiro 74704,
2354971,Zeca Loteiro 2354971,63362601030
668643,Zeca Loteiro 668643,13310502061
819650,Zeca Loteiro 819650,
3383710,Zeca Loteiro 3383710,1333626066
1646996,Zeca Loteiro 1646996,
3174626,Zeca Loteiro 3174626,530210052
4085283,Zeca Loteiro 4085283,12111320000
2340199,Zeca Loteiro 2340199,12061636005
837017,Zeca Loteiro 837017,10660052016
1239388,Zeca Loteiro 1239388,33131163052
1086257,Zeca Loteiro 1086257,13610330030
7438,Zeca Loteiro 7438,6515660061
1680473,Zeca Loteiro 1680473,10633610015
597825,Zeca Loteiro 597825,61312521016
1167010,Zeca Loteiro 1167010,3636330021
838865,Zeca Loteiro 838865,
129452,Zeca Loteiro 129452,
2734478,Zeca Loteiro 2734478,66101633030
1117859,Zeca Loteiro 1117859,31100010000
3447071,Zeca Loteiro 3447071,366326001
2698654,Zeca Loteiro 2698654,560353036
918974,Zeca Loteiro 918974,23605601030
233456,Zeca Loteiro 233456,
876754,Zeca Loteiro 876754,
3008622,Zeca Loteiro 3008622,65560601015
47269,Zeca Loteiro 47269,13660611033
1487472,Zeca Loteiro 1487472,
3150128,Zeca Loteiro 3150128,11226511063
697983,Zeca Loteiro 697983,50616616130
